{
  "tag": "v6",
  "weights": "nav_v6.npz",
  "module": null,
  "runs_per_seed": 1,
  "duration_s": 5.0,
  "seeds": [
    {
      "seed": 42,
      "summary": {
        "n_runs": 1,
        "completion_rate": 0.0,
        "median_lap_time": Infinity,
        "mean_crashes": 0.0,
        "max_checkpoints": 0
      },
      "runs": [
        {
          "steps": 62,
          "elapsed": 5.042791843414307,
          "checkpoints_passed": 0,
          "crashes": 0,
          "min_speed_streak": 36,
          "track": [
            {
              "t": 1.8225750923156738,
              "position": {
                "x": 0,
                "y": 0.4781440794467926,
                "z": 0
              },
              "speed": 0
            },
            {
              "t": 2.8587822914123535,
              "position": {
                "x": 0.027666274458169937,
                "y": 0.15638090670108795,
                "z": -0.07946427911520004
              },
              "speed": 0.2859694863018263
            },
            {
              "t": 3.8965725898742676,
              "position": {
                "x": 0.05158163234591484,
                "y": 0.15755867958068848,
                "z": -0.22241568565368652
              },
              "speed": 0.03387011180204784
            },
            {
              "t": 4.940894842147827,
              "position": {
                "x": 0.07813965529203415,
                "y": 0.1575830578804016,
                "z": -0.25139158964157104
              },
              "speed": 0.03804437051802434
            }
          ]
        }
      ]
    }
  ]
}